"V1","V2"
"n=11","n=41"
"Caloptilia.csv, method=standard","ACO.fecund.csv, method=standard"
"flower.init1.csv, method=standard","ACO.fem.time.csv, method=standard"
"flower.years.csv, method=standard","ACO.malewt.csv, method=standard"
"fruit.years.csv, method=standard","beetle-dispersal.csv, method=standard"
"pm.sin.csv, method=standard","col.ban.csv, method=standard"
"trib29ban.inf.csv, method=standard","dar.bho.csv, method=standard"
"trib35col.ban.csv, method=standard","dros.sr.csv, method=standard"
"txh.F1.csv, method=standard","eggs.hatched1.csv, method=standard"
"txh.parl.csv, method=standard","eukalyptus2-germ.success.csv, method=standard"
"txh.svl.log.csv, method=standard","eukalyptus2-seed.set.csv, method=standard"
"txw.tib.csv, method=standard","fem.num.csv, method=standard"
NA,"gill.rake.len.csv, method=standard"
NA,"h-ba.sq.csv, method=standard"
NA,"h-col.ban.csv, method=standard"
NA,"leafv.csv, method=standard"
NA,"male.num.csv, method=standard"
NA,"nig.sing.csv, method=standard"
NA,"ovule.num.csv, method=standard"
NA,"P.eleanorae.csv, method=standard"
NA,"R.rigidaea.csv, method=standard"
NA,"size.dros.csv, method=standard"
NA,"SO.fecundity.csv, method=standard"
NA,"strider-front.femur.length.fem.2.csv, method=standard"
NA,"strider-front.femur.width.male.2.csv, method=standard"
NA,"strider-hind.femur.length.fem.2.csv, method=standard"
NA,"strider-hind.femur.length.male.2.csv, method=standard"
NA,"strider-mid.femur.length.fem.1.csv, method=standard"
NA,"strider-mid.femur.length.fem.2.csv, method=standard"
NA,"strider-mid.femur.length.male.2.csv, method=standard"
NA,"strider-seg7.length.fem.2.csv, method=standard"
NA,"strider-spine.width.male.1.csv, method=standard"
NA,"strider-total.fem.1.csv, method=standard"
NA,"strider-total.fem.2.csv, method=standard"
NA,"thorax.len18.csv, method=standard"
NA,"thorax.len21.csv, method=standard"
NA,"trib29dar.bho.csv, method=standard"
NA,"trib29nig.cro.csv, method=standard"
NA,"trib29per.san.csv, method=standard"
NA,"trib35nig.cro.csv, method=standard"
NA,"txw.F3.csv, method=standard"
NA,"txw.svl.log.csv, method=standard"
